{
  "length_analysis": {
    "dialogue_lengths": {
      "mean": 92.00666666666666,
      "median": 71.5,
      "min": 9,
      "max": 355
    },
    "reference_lengths": {
      "mean": 19.606666666666666,
      "median": 16.5,
      "min": 3,
      "max": 56
    },
    "prediction_lengths": {
      "mean": 28.753333333333334,
      "median": 27.0,
      "min": 18,
      "max": 81
    },
    "compression_ratios": {
      "mean": 0.2949662012253042,
      "median": 0.24577583779217121
    },
    "length_ratios": {
      "mean": 1.8594557903199476,
      "median": 1.6
    }
  },
  "content_analysis": {
    "content_overlap": {
      "mean": 0.3819199970817319,
      "median": 0.3651515151515151,
      "min": 0.12121212121212122,
      "max": 0.7931034482758621
    },
    "common_missed_words": [
      [
        "is",
        22
      ],
      [
        "to",
        18
      ],
      [
        "a",
        17
      ],
      [
        "and",
        16
      ],
      [
        "has",
        16
      ],
      [
        "she",
        14
      ],
      [
        "with",
        14
      ],
      [
        "about",
        14
      ],
      [
        "wants",
        12
      ],
      [
        "for",
        12
      ],
      [
        "it",
        11
      ],
      [
        "are",
        11
      ],
      [
        "the",
        10
      ],
      [
        "he",
        10
      ],
      [
        "at",
        9
      ],
      [
        "going",
        9
      ],
      [
        "her",
        8
      ],
      [
        "of",
        8
      ],
      [
        "that",
        7
      ],
      [
        "on",
        7
      ]
    ],
    "common_added_words": [
      [
        "the",
        40
      ],
      [
        "to",
        34
      ],
      [
        "and",
        33
      ],
      [
        "he",
        33
      ],
      [
        "will",
        33
      ],
      [
        "it",
        33
      ],
      [
        "for",
        31
      ],
      [
        "is",
        31
      ],
      [
        "a",
        30
      ],
      [
        "she",
        30
      ],
      [
        "her",
        26
      ],
      [
        "with",
        26
      ],
      [
        "are",
        25
      ],
      [
        "they",
        23
      ],
      [
        "of",
        23
      ],
      [
        "at",
        20
      ],
      [
        "him",
        20
      ],
      [
        "does",
        19
      ],
      [
        "his",
        18
      ],
      [
        "have",
        18
      ]
    ]
  },
  "challenging_cases": [
    {
      "dialogue": "Janice: my son has been asking me to get him a hamster for his birthday\r\nJanice: should i?\r\nMartina: NO! NO! NO! NO! NO!\r\nMartina: i got one for my son and it stank up the whole house\r\nMartina: so don't do it!!!",
      "reference": "Martina advises against getting a hamster. ",
      "prediction": "Janice's son wants her to buy him a hamster for his birthday. Martina doesn't want it as she got one for her son and it stank up the whole house.",
      "rouge_score": 0.10623781676413253,
      "dialogue_length": 43,
      "reference_length": 6,
      "prediction_length": 30
    },
    {
      "dialogue": "Judy: Why am I always attracted to jerks??\r\nJanice: It didn\u2019t work out with Andrew?\r\nJudy: He just wanted to fuck me\r\nJudy: When he got what he wanted he stopped calling and texting.\r\nJanice: And Bruce? He\u2019s not a jerk.\r\nJudy: He\u2019s sweet. Maybe too sweet for me\u2026\r\nJudy: He\u2019s a lovely and caring guy but I don\u2019t feel the butterflies\u2026 ",
      "reference": "Judy thinks she's always attracted to bad guys.",
      "prediction": "Judy is attracted to jerks. It didn't work out with Andrew, because he wanted to have sex with her. Bruce is sweet, but Judy doesn't feel the butterflies.",
      "rouge_score": 0.12058212058212057,
      "dialogue_length": 62,
      "reference_length": 8,
      "prediction_length": 28
    },
    {
      "dialogue": "Myah: <file_photo>\r\nSelah: I can't see the phone number very well. Rewrite it plz\r\nMyah: <file_photo>\r\nSelah: The phone of that person is off",
      "reference": "Selah called a person that did not pick up.",
      "prediction": "Selah can't see the phone number of the person Myah sent a photo to. The phone of that person is off, so Selah advises Myah to change it.",
      "rouge_score": 0.12280701754385966,
      "dialogue_length": 24,
      "reference_length": 9,
      "prediction_length": 28
    },
    {
      "dialogue": "Danna: How's your Saturday?\r\nReed: It was alright thanks\r\nDanna: Good\r\nReed: Yours ?\r\nDanna: Boring\r\nReed: Why?\r\nDanna: I'm angry I called maybe 5-8 of my friends and they aren't around or are busy.\r\nReed: Shame\r\nDanna: So it's is the next boring weekend for me\r\nReed: That sucks\r\nDanna: The only thing I can do is watching TV -.-\r\nReed: Haha lucky you\r\nDanna: Yeah haha\r\nReed: I don't have tv, our subscription expired and they never renewed it. They want us to pay for it so fuck it\r\nDanna: Yeah. What are you doing?\r\nReed: I'm in bed\r\nDanna: Work tomorrow?\r\nReed: No. Off tomorrow\r\nDanna: Nice\r\nReed: Indeed",
      "reference": "Danna has a boring weekend and is watching TV. Reed is in bed. He has a free day tomorrow.",
      "prediction": "Reed had a good Saturday. Danna found it boring. She called 5-8 of her friends but none of them were available or busy. She's going to watch TV this weekend. Reed doesn't have a tv because his subscription expired and they want him to pay for it.",
      "rouge_score": 0.15487778498810295,
      "dialogue_length": 112,
      "reference_length": 19,
      "prediction_length": 47
    },
    {
      "dialogue": "Crystal: <file_photo>\r\nIrene: He's so big!\r\nCrystal: <file_photo> \r\nCrystal: I know right!\r\nIrene: and so cute!\r\nCrystal: he got so big he doesn't fit his clothes anymore\r\nIrene: time to go shopping with my little boy <3\r\nCrystal: yeah im just gonna go brankrupt\r\nIrene: Let me take him, I also promise to buy him something\r\nCrystal: you really wanna do that?\r\nIrene: why nont? I'm his aunt!\r\nCrystal: well yeah it's just such a drag\r\nIrene: you were always a bore when shopping :P just let me take the little man\r\nIrene: well have fun!\r\nCrystal: ok ",
      "reference": "Irene will take Crystal's son shopping for clothes.",
      "prediction": "Irene is going shopping with her little boy. She wants to take him with her as he's so big he doesn't fit any of his clothes. She will take him shopping and will buy him something.",
      "rouge_score": 0.1566587864460205,
      "dialogue_length": 98,
      "reference_length": 8,