{
  "rouge1": 0.48250403117187063,
  "rouge2": 0.23680322610461066,
  "rougeL": 0.38262228196413567
}